Movie,Average Negative,Average Neutral,Average Positive
Brokeback Mountain,0.8836476,0.09976166,0.01659075
"Crouching Tiger, Hidden Dragon",0.7801169,0.17987609,0.040006988
The Shawshank Redemption,0.19573802,0.3451738,0.45908818
Nomadland,0.14466661,0.3894002,0.46593314
