Movie,Average Negative,Average Neutral,Average Positive
Brokeback Mountain,0.8836475014686584,0.09976176172494888,0.016590790823101997
"Crouching Tiger, Hidden Dragon",0.7801167368888855,0.17987622320652008,0.04000704735517502
The Shawshank Redemption,0.195738036185503,0.345173716545105,0.4590882509946823
Nomadland,0.1446666121482849,0.3894001841545105,0.465933233499527
