MovieID,MeanSimilarity,MedianSimilarity,MaxSimilarity
tt0388795,0.3856113042269815,0.3769830084570377,0.6134658247526662
tt0190332,0.40938835779898525,0.4127652655601483,0.6032838101366466
tt0111161,0.39709695166036857,0.401726429702488,0.7220417391162082
tt9770150,0.3582926808046711,0.3543231954177915,0.6002979154615137
tt0499549,0.4431165582847105,0.4245127040017624,0.6922361078919289
tt0120338,0.4191010511657179,0.4183812031220073,0.7164000368221926
