MovieID,MeanSimilarity,MedianSimilarity,MaxSimilarity
tt0388795,0.3301528373284326,0.312108251050049,0.60274530456443
tt0190332,0.3591400128667499,0.36845367811272306,0.5566087718341305
tt0111161,0.38453655165444334,0.3947187175878343,0.7115388239090681
tt9770150,0.34518849175360783,0.33452379956507955,0.5962050805930428
tt0499549,0.40559421863481054,0.39160712629913974,0.6056776551067331
tt0120338,0.3681428005398942,0.3718175081163098,0.6471714691616052
