MovieID,MeanWithinSimilarity,MedianWithinSimilarity,MaxWithinSimilarity
tt0388795,0.2529776321570144,0.25339503925772033,0.5122331829658927
tt0190332,0.3156930025945817,0.3375811476895439,0.5108401830141428
tt0111161,0.2683951011630588,0.27596426099137933,0.5382389538939115
tt9770150,0.2334640331968395,0.23426848959575228,0.4983697707727032
tt0499549,0.32050937624128456,0.3182075829979136,0.6062940196512732
tt0120338,0.2689276618550029,0.26557854343701986,0.6137723367867575
