Movie,Average Negative,Average Neutral,Average Positive
Avatar,0.10819189,0.19556464,0.69624346
"Crouching Tiger, Hidden Dragon",0.029944351,0.22154815,0.74850744
Nomadland,0.18806961,0.31531292,0.49661753
Titanic,0.13192226,0.15559848,0.7124793
Brokeback Mountain,0.15685159,0.2041752,0.63897324
The Shawshank Redemption,0.037861798,0.12092798,0.8412103
