MovieID,MeanSimilarity,MedianSimilarity,MaxSimilarity
tt0388795,0.2749586019721794,0.2809224590864716,0.5246825864794399
tt0190332,0.3108102219445749,0.3058340271830271,0.535616392867755
tt0111161,0.3510473201812086,0.3617600092097695,0.6382002896068489
tt9770150,0.27405804829718144,0.2730794318082471,0.5328229276207251
tt0499549,0.35306275016560046,0.3425345643914669,0.5817655025287316
tt0120338,0.35161525904537855,0.3513788817920117,0.6867528656176705
