MovieID,MeanSimilarity,MedianSimilarity,MaxSimilarity
tt0388795,0.3281761470705387,0.3187451183319207,0.6172369427867908
tt0190332,0.3352591290680143,0.3460758586079988,0.483962375030431
tt0111161,0.3637846573896793,0.3715020568262559,0.6183251852047453
tt9770150,0.3393480586240233,0.3325062166394976,0.5319100356205049
tt0499549,0.3798638075472003,0.3630267880204793,0.5099263556206256
tt0120338,0.37673488235268965,0.38611135493288995,0.5670518680897099
