Movie,Average Negative,Average Neutral,Average Positive
Brokeback Mountain,0.883647620677948,0.09976165741682053,0.016590749844908714
"Crouching Tiger, Hidden Dragon",0.7801169157028198,0.17987608909606934,0.04000698775053024
The Shawshank Redemption,0.1957380250096321,0.34517380595207214,0.45908817648887634
Nomadland,0.1446666121482849,0.3894002139568329,0.4659331440925598
